l,curves,non_eis,non_eis_with_bound,viol_conj1,viol_conj2,eis,eis_with_bound,viol_conj3,viol_obs4
2,1311066,964432,805742,,,344727,343940,1,0.0
3,1311066,1233729,598833,0.0,0.0,75430,67845,0,
5,1311066,1303224,235510,0.0,,5935,4454,0,
7,1311066,1307753,121947,0.0,,1406,759,0,
11,1311066,1309103,42334,0.0,,56,0,0,
13,1311066,1308945,27215,0.0,,214,26,0,
17,1311066,1309147,12496,0.0,,12,4,0,
19,1311066,1309159,8619,0.0,,0,0,0,
23,1311066,1309159,4588,0.0,,0,0,0,
29,1311066,1309159,1872,0.0,,0,0,0,
31,1311066,1309159,1411,0.0,,0,0,0,
37,1311066,1309127,582,0.0,,32,0,0,
41,1311066,1309159,337,0.0,,0,0,0,
43,1311066,1309159,293,0.0,,0,0,0,
47,1311066,1309159,139,0.0,,0,0,0,
53,1311066,1309159,80,0.0,,0,0,0,
59,1311066,1309159,39,0.0,,0,0,0,
61,1311066,1309159,30,0.0,,0,0,0,
67,1311066,1309159,25,0.0,,0,0,0,
71,1311066,1309159,6,0.0,,0,0,0,
73,1311066,1309159,6,0.0,,0,0,0,
79,1311066,1309159,4,0.0,,0,0,0,
83,1311066,1309159,3,0.0,,0,0,0,
97,1311066,1309159,1,0.0,,0,0,0,
