l,curves,non_eis,non_eis_with_bound,non_eis_with_bound2,viol_conj1,viol_conj2,eis,eis_with_bound,viol_conj3,viol_conj3_tw,viol_obs4
2,359009,313741,270286,270286,,,45091,44996,,,0.0
3,359009,348227,181075,214033,0.0,0.0,10605,9894,0.0,39.0,
5,359009,358244,70514,78650,0.0,0.0,588,474,0.0,7.0,
7,359009,358717,36734,41317,0.0,0.0,115,70,0.0,0.0,
11,359009,358830,13347,14975,0.0,0.0,2,0,0.0,0.0,
13,359009,358816,8467,9465,0.0,0.0,16,5,0.0,0.0,
17,359009,358828,4046,4435,0.0,0.0,4,0,0.0,0.0,
19,359009,358832,2979,3228,0.0,0.0,0,0,0.0,0.0,
23,359009,358832,1527,1641,0.0,0.0,0,0,0.0,0.0,
29,359009,358832,669,695,0.0,0.0,0,0,0.0,0.0,
31,359009,358832,506,524,0.0,0.0,0,0,0.0,0.0,
37,359009,358830,203,211,0.0,0.0,2,0,0.0,0.0,
41,359009,358832,123,125,0.0,0.0,0,0,0.0,0.0,
43,359009,358832,96,97,0.0,0.0,0,0,0.0,0.0,
47,359009,358832,43,43,0.0,0.0,0,0,0.0,0.0,
53,359009,358832,27,27,0.0,0.0,0,0,0.0,0.0,
59,359009,358832,6,6,0.0,0.0,0,0,0.0,0.0,
61,359009,358832,19,19,0.0,0.0,0,0,0.0,0.0,
67,359009,358832,4,4,0.0,0.0,0,0,0.0,0.0,
71,359009,358832,0,0,0.0,0.0,0,0,0.0,0.0,
73,359009,358832,1,1,0.0,0.0,0,0,0.0,0.0,
