[0, -1, 1, -56, 408]	1151077	[5, 6, 5]	[1, 2, 1]	300160	random	77.324000000000000000000000000000000000
[0, -1, 0, -14, -471]	2710716	[4, 7, 5, 5]	[3, 1, 1, 1]	555120	random	89.262000000000000000000000000000000000
[1, 1, 1, -55, 148]	1987231	[5]	[1]	355994	random	122.47400000000000000000000000000000000
[1, 1, 0, -8, -186]	1594686	[5, 7, 5]	[1, 1, 1]	717144	random	100.17900000000000000000000000000000000
[0, -1, 1, 59, 33]	1569891	[7, 5]	[1, 1]	200304	random	97.314000000000000000000000000000000000
[0, 1, 0, -28, -392]	551600	[-1, 2, 6, 5]	[1, 1, 2, 1]	103680	random	0.98500000000000000000000000000000000000
[0, -1, 0, -30, -209]	1457456	[2, 2, 5, 3]	[1, 1, 1, 2]	376704	random	0.15500000000000000000000000000000000000
[1, 0, 0, -43, 69]	1409926	[6, 2, 5]	[2, 1, 1]	378720	random	12.783000000000000000000000000000000000
[0, 0, 0, 11, -64]	927328	[3, 5]	[2, 1]	241728	random	13.078000000000000000000000000000000000
[1, 0, 1, 5, -49]	1056549	[5, 5, 5]	[1, 1, 1]	189136	random	61.493000000000000000000000000000000000
[0, 1, 0, -48, 500]	842416	[-7, 5, 5]	[2, 1, 1]	158016	random	13.001000000000000000000000000000000000
[1, -1, 0, 9, 141]	1113102	[8, 2, 5]	[2, 1, 1]	238656	random	8.0270000000000000000000000000000000000
[0, 0, 0, -12, -500]	613008	[-1, 2, 6, 5]	[1, 1, 2, 1]	236544	random	1.1530000000000000000000000000000000000
[1, 1, 0, -40, -329]	1401681	[8, 5, 5]	[2, 1, 1]	371008	random	89.828000000000000000000000000000000000
[1, 0, 0, -14, -75]	726171	[6, 5]	[2, 1]	94816	random	43.859000000000000000000000000000000000
[1, 0, 1, 9, 35]	567493	[5]	[1]	95178	random	32.778000000000000000000000000000000000
[0, -1, 0, 21, 33]	1253568	[2, 5, 5]	[1, 1, 1]	143104	random	10.003000000000000000000000000000000000
[0, 1, 0, 41, 455]	1092288	[2, 9, 5]	[1, 5, 1]	300800	random	8.8610000000000000000000000000000000000
[1, 1, 0, -34, -78]	880538	[5, 5]	[1, 1]	134408	random	49.608000000000000000000000000000000000
[0, 1, 0, 20, -115]	1145640	[3, 6, 5, 5]	[2, 2, 1, 1]	190336	random	34.265000000000000000000000000000000000
[0, -1, 1, -22, -47]	554147	[5, 5]	[1, 1]	74592	random	30.774000000000000000000000000000000000
[1, -1, 1, -2, -179]	770310	[6, 4, 5, 5]	[2, 3, 1, 1]	216000	random	3.7750000000000000000000000000000000000
[0, 0, 0, -32, 404]	1068940	[-4, 5, 5, 5, 5]	[1, 1, 1, 1, 1]	237024	random	33.554000000000000000000000000000000000
[1, 0, 1, -1, 198]	679450	[5, 4, 5, 5]	[1, 1, 1, 1]	136512	random	8.4260000000000000000000000000000000000
[0, 1, 0, 28, 26]	1476416	[2, 5, 5, 5]	[1, 1, 1, 1]	187392	random	11.672000000000000000000000000000000000
[1, 1, 1, 30, 70]	632395	[6, 5, 5]	[2, 1, 1]	59008	random	39.392000000000000000000000000000000000
[1, 0, 1, 55, -268]	1193826	[7, 7, 5]	[1, 3, 1]	324576	random	76.006000000000000000000000000000000000
[1, 1, 1, -1, 440]	570507	[6, 4, 5]	[2, 3, 1]	167616	random	6.1300000000000000000000000000000000000
[1, -1, 1, -27, -133]	897382	[8, 5, 5]	[4, 1, 1]	187008	random	57.322000000000000000000000000000000000
[1, 0, 1, -39, 2]	911330	[7, 5, 5, 5, 5]	[1, 1, 1, 1, 1]	189888	random	57.940000000000000000000000000000000000
[1, -1, 0, 49, 46]	1272523	[6, 5]	[2, 1]	162848	random	82.675000000000000000000000000000000000
[0, 0, 0, -14, 60]	689792	[3, 5, 5]	[2, 1, 1]	119552	random	5.3270000000000000000000000000000000000
[1, 0, 1, 15, 259]	1073481	[8, 5, 5, 5]	[4, 1, 1, 1]	236160	random	70.409000000000000000000000000000000000
[0, 0, 0, -53, -187]	1394620	[4, 5, 5, 5]	[3, 1, 1, 1]	178704	random	44.810000000000000000000000000000000000
[1, -1, 0, -36, -57]	1149309	[2, 5, 5]	[1, 1, 1]	200064	random	8.2900000000000000000000000000000000000
[0, 1, 1, -40, -122]	871611	[5, 5, 5]	[1, 1, 1]	161472	random	51.772000000000000000000000000000000000
[1, -1, 1, -31, 62]	561977	[5, 5, 5]	[1, 1, 1]	59680	random	32.380000000000000000000000000000000000
[0, 1, 0, 56, 281]	755304	[3, 8, 5, 5]	[2, 4, 1, 1]	233472	random	22.630000000000000000000000000000000000
[1, -1, 0, -45, -378]	735309	[-1, 5]	[1, 1]	176400	random	6.0130000000000000000000000000000000000
[0, 0, 1, -57, 160]	758565	[2, 5, 5]	[1, 1, 1]	179424	random	5.9300000000000000000000000000000000000
[1, 1, 1, 29, 321]	1338526	[10, 5, 5, 5]	[6, 1, 1, 1]	484224	random	82.094000000000000000000000000000000000
[1, 1, 0, 4, -52]	620102	[6, 5, 5]	[2, 1, 1]	107904	random	35.021000000000000000000000000000000000
[0, -1, 0, 8, 49]	589368	[3, 5, 5, 5]	[2, 1, 1, 1]	65600	random	16.448000000000000000000000000000000000
[1, 0, 1, 24, -9]	989093	[5, 5, 5]	[1, 1, 1]	81760	random	54.013000000000000000000000000000000000
[1, 1, 0, -2, -172]	789646	[9, 2, 5, 5]	[1, 1, 1, 1]	175920	random	4.8010000000000000000000000000000000000
[1, -1, 1, -25, 110]	531139	[6, 5, 5]	[2, 1, 1]	55264	random	32.428000000000000000000000000000000000
[1, 0, 1, -29, -3]	1484735	[5, 5, 5, 5]	[1, 1, 1, 1]	217088	random	88.667000000000000000000000000000000000
[0, -1, 0, -52, -316]	1214008	[-5, 5, 5]	[4, 1, 1]	247808	random	36.254000000000000000000000000000000000
[0, -1, 0, -28, 42]	996800	[2, 2, 5, 5]	[1, 1, 1, 1]	147456	random	1.8370000000000000000000000000000000000
[0, 1, 0, -43, -117]	660800	[2, 2, 5, 5]	[1, 1, 1, 1]	89856	random	1.2680000000000000000000000000000000000
[1, 0, 1, -16, -57]	1089325	[2, 5]	[1, 1]	111648	random	13.717000000000000000000000000000000000
[0, -1, 0, 14, 81]	832060	[4, 5, 5]	[3, 1, 1]	152988	random	25.348000000000000000000000000000000000
[1, 1, 0, -27, -8]	1329049	[5, 5]	[1, 1]	133584	random	76.973000000000000000000000000000000000
[1, -1, 0, -27, -4]	1235925	[2, 2, 5]	[1, 1, 1]	123264	random	4.3180000000000000000000000000000000000
[1, 0, 1, 40, 110]	764958	[7, 6, 5]	[1, 2, 1]	243648	random	48.057000000000000000000000000000000000
[1, -1, 1, -35, -349]	547002	[10, 3, 5]	[6, 2, 1]	133248	random	11.379000000000000000000000000000000000
[1, 0, 1, 27, -3]	1338953	[5, 5, 5]	[1, 1, 1]	231936	random	78.561000000000000000000000000000000000
[1, 1, 1, 12, 201]	929850	[6, 7, 2, 5]	[2, 1, 1, 1]	205488	random	12.218000000000000000000000000000000000
[0, -1, 1, -46, -42]	550509	[7, 5]	[1, 1]	136080	random	31.786000000000000000000000000000000000
[0, -1, 0, -21, 295]	1407680	[2, 7, 5, 5]	[1, 1, 1, 1]	241920	random	1.5050000000000000000000000000000000000
[1, 0, 1, 26, -11]	1260737	[5, 5]	[1, 1]	159600	random	73.082000000000000000000000000000000000
[0, 1, 0, 33, -72]	577968	[2, 7, 5]	[1, 3, 1]	132480	random	8.8620000000000000000000000000000000000
[0, -1, 0, -4, 55]	1235568	[2, 5, 5]	[1, 1, 1]	219520	random	18.213000000000000000000000000000000000
[0, 0, 0, 33, 137]	1156464	[2, 4, 5]	[1, 3, 1]	156672	random	5.0380000000000000000000000000000000000
[0, 1, 0, -36, -123]	1122936	[3, 5, 5, 5]	[2, 1, 1, 1]	393600	random	34.058000000000000000000000000000000000
[1, -1, 1, 6, -75]	1164046	[6, 5, 5]	[2, 1, 1]	456192	random	69.485000000000000000000000000000000000
[1, 1, 0, 56, 7]	1226883	[7, 5, 5, 5]	[1, 1, 1, 1]	265152	random	74.675000000000000000000000000000000000
[1, -1, 1, -57, 289]	1051690	[7, 6, 5, 5]	[3, 2, 1, 1]	710880	random	65.655000000000000000000000000000000000
[0, -1, 1, 21, -28]	752259	[5, 5]	[1, 1]	112112	random	42.401000000000000000000000000000000000
[1, -1, 0, 33, 33]	1497474	[6, 2, 5, 5]	[2, 1, 1, 1]	298080	random	22.651000000000000000000000000000000000
[0, 0, 1, 9, -252]	884709	[2, 5, 6, 5]	[1, 1, 2, 1]	444672	random	13.005000000000000000000000000000000000
[0, -1, 0, -53, 127]	910400	[2, 3, 5]	[1, 2, 1]	161280	random	0.22200000000000000000000000000000000000
[0, 0, 1, 15, 46]	1140075	[2, 2, 5]	[1, 1, 1]	221472	random	1.9780000000000000000000000000000000000
[0, 1, 0, -28, 66]	1000768	[2, 5, 5]	[1, 1, 1]	97280	random	7.3790000000000000000000000000000000000
[0, 1, 1, 21, 16]	602483	[5, 5]	[1, 1]	45024	random	33.833000000000000000000000000000000000
[1, 0, 1, -5, 160]	1392502	[8, 5, 5]	[2, 1, 1]	332032	random	84.254000000000000000000000000000000000
[0, 0, 0, -24, -61]	722736	[2, 2, 5, 5]	[1, 1, 1, 1]	91296	random	1.4850000000000000000000000000000000000
[0, 0, 0, 60, 212]	1038744	[-5, 2, 5, 5]	[2, 1, 1, 1]	173376	random	3.5350000000000000000000000000000000000
[0, -1, 1, -14, -48]	1001819	[5, 5, 5, 5]	[1, 1, 1, 1]	326208	random	53.133000000000000000000000000000000000
[0, -1, 0, 56, -168]	1292704	[-1, 5, 5, 5]	[1, 1, 1, 1]	367104	random	19.447000000000000000000000000000000000
[0, -1, 0, -18, -111]	1381692	[4, 5, 5, 5, 5]	[3, 1, 1, 1, 1]	219840	random	43.183000000000000000000000000000000000
[1, -1, 1, -42, 49]	996190	[7, 5, 5, 5, 5]	[3, 1, 1, 1, 1]	373824	random	56.287000000000000000000000000000000000
[1, -1, 0, -48, -190]	615978	[5, 2, 5, 6, 5]	[1, 1, 1, 2, 1]	187968	random	9.2080000000000000000000000000000000000
[1, -1, 0, -59, -115]	1498430	[7, 5, 5, 5]	[1, 1, 1, 1]	292272	random	90.411000000000000000000000000000000000
[0, -1, 0, 32, -203]	1001400	[3, 7, 2, 5]	[2, 1, 1, 1]	323712	random	5.8350000000000000000000000000000000000
[0, 1, 0, -25, 26]	529104	[2, 5, 5, 5]	[1, 1, 1, 1]	44160	random	3.8930000000000000000000000000000000000
[0, -1, 1, 38, -297]	1418601	[8, 5, 5]	[2, 1, 1]	429312	random	83.150000000000000000000000000000000000
[1, -1, 0, 38, 96]	826550	[6, 3, 5, 5]	[2, 2, 1, 1]	124160	random	10.710000000000000000000000000000000000
[1, 0, 0, -34, 260]	853854	[10, 5, 5, 5]	[6, 1, 1, 1]	240960	random	48.586000000000000000000000000000000000
[1, 0, 0, -18, -55]	861893	[5, 5]	[1, 1]	107620	random	47.563000000000000000000000000000000000
