test,block,level,n_test,local_gain
NEG_rootno,EQ,log_abs_disc@bin1,12358,-0.0006492297104550016
NEG_rootno,EQ,log_abs_disc@bin2,9329,-0.00012870707546985827
NEG_rootno,EQ,log_abs_disc@bin3,7734,0.0004884609936575135
NEG_rootno,EQ,log_abs_disc@bin4,6634,-0.0005340340018995526
NEG_rootno,EQ,log_abs_disc@bin5,5650,-0.00027277638813427707
NEG_rootno,EQ,log_abs_disc@bin6,4907,0.00014999393888537327
NEG_rootno,EQ,log_abs_disc@bin7,4632,-0.00013121416707040368
NEG_rootno,EQ,log_j_height@bin1,6407,-0.0016125875202546158
NEG_rootno,EQ,log_j_height@bin2,8453,-0.0012025384426239683
NEG_rootno,EQ,log_j_height@bin3,9854,-0.0005765875219778671
NEG_rootno,EQ,log_j_height@bin4,10553,-0.0005075127020395254
NEG_rootno,EQ,log_j_height@bin5,10766,-0.0004796463689986652
NEG_rootno,EQ,log_j_height@bin6,11174,-0.0005465146237435548
NEG_rootno,EQ,log_j_height@bin7,11452,0.00012912779447293854
NEG_rootno,EQ,disc_sign=-1,43624,-0.0007047904369943403
NEG_rootno,EQ,log_abs_c4@bin1,12397,-0.0005632922700464782
NEG_rootno,EQ,log_abs_c4@bin2,9730,-0.000961065981280651
NEG_rootno,EQ,log_abs_c4@bin3,7909,-0.0004867013087621608
NEG_rootno,EQ,log_abs_c4@bin4,6947,-0.0005892195659582544
NEG_rootno,EQ,log_abs_c4@bin5,5984,-0.0005560954429295606
NEG_rootno,EQ,log_abs_c4@bin6,5102,0.0002959162649871505
NEG_rootno,EQ,log_abs_c4@bin7,4657,0.0001880065859427571
NEG_rootno,EQ,c4_sign=1.0,55353,-7.153149874716824e-05
NEG_rootno,EQ,c6_sign=-1.0,36990,-7.052520084283032e-05
NEG_rootno,GAL,torsion_structure=[],50196,-0.004254484541305281
NEG_rootno,GAL,torsion_structure=[2],16614,-0.002892924125419194
NEG_rootno,GAL,torsion_structure=[3],2491,-0.0010706455007316595
NEG_rootno,GAL,torsion_structure=[4],976,-0.006910939020158491
NEG_rootno,GAL,has_2_isog,17872,-0.004011586858064353
NEG_rootno,GAL,has_3_isog,2754,-0.001250180327884154
NEG_rootno,GAL,class_size=1,50196,-0.004254484541305281
NEG_rootno,GAL,class_size=2,16922,-0.002637294230033671
NEG_rootno,GAL,class_size=4,3277,-0.0036271630205415573
NEG_rootno,GAL,max_isogeny_degree@bin1,14428,-0.0030137729228383314
NEG_rootno,GAL,max_isogeny_degree@bin2,5321,-0.0024459854014200477
NEG_rootno,GAL,max_isogeny_degree@bin3,816,-0.0055425050526733965
NEG_rootno,GAL,two_adic_log_index=0.0,52889,-0.0033819027936283774
NEG_rootno,GAL,two_adic_log_index=1.584962500721156,11875,-0.003112739110490148
NEG_rootno,GAL,two_adic_log_index=2.584962500721156,3472,-0.0021568513373897424
NEG_rootno,GAL,two_adic_log_index=3.584962500721156,2151,-0.0032919623094820327
NEG_rootno,GAL,two_adic_level=1,52889,-0.0033819027936283774
NEG_rootno,GAL,two_adic_level=2,11875,-0.003112739110490148
NEG_rootno,GAL,two_adic_level=8,3833,-0.0068418529807361406
NEG_rootno,GAL,two_adic_level=4,2124,-0.0031499754740154096
NEG_rootno,GAL,n_nonsurj_primes=0,50196,-0.004254484541305281
NEG_rootno,GAL,n_nonsurj_primes=1,20299,-0.0036366325690166956
NEG_rootno,GAL,v2_torsion=0,52889,-0.0033819027936283774
NEG_rootno,GAL,v2_torsion=1,16880,-0.002922767977210805
NEG_rootno,GAL,v2_torsion=2,981,-0.006903775257048439
NEG_rootno,GAL,odd_torsion=1,67802,-0.004228265604596659
NEG_rootno,GAL,odd_torsion=3,2752,-0.0017730868862275706
NEG_rootno,DIO,n_intpts_x@bin1,19074,-0.061119938967838294
NEG_rootno,DIO,n_intpts_x@bin2,10532,0.008527976502260892
NEG_rootno,DIO,n_intpts_x@bin3,9186,-0.01124110708397974
NEG_rootno,DIO,n_intpts_x@bin4,9821,0.0031427951954612343
NEG_rootno,AN,v2_sha=0,68685,-0.0039027853254556266
NEG_rootno,AN,v2_sha=2,1934,0.1720617577228346
NEG_rootno,AN,log_odd_sha@bin1,901,0.22474668809922205
NEG_rootno,AN,v2_moddeg@bin1,19909,-0.009830120626723726
NEG_rootno,AN,v2_moddeg@bin2,8250,-0.0045175471468434925
NEG_rootno,AN,v2_moddeg@bin3,6329,-0.0006606160128688199
NEG_rootno,AN,v2_moddeg@bin4,7957,-0.0009428642159325928
NEG_rootno,AN,v2_moddeg@bin5,2113,0.00042753055146693697
NEG_rootno,AN,v2_moddeg@bin6,2053,-0.001784313004224325
NEG_rootno,AN,v2_moddeg@bin7,931,0.0019284839239688267
NEG_rootno,AN,v3_moddeg@bin1,22496,-0.002368128294223615
NEG_rootno,AN,v3_moddeg@bin2,15763,-0.0026485135311093977
NEG_rootno,AN,v3_moddeg@bin3,8328,-0.005543912369220916
NEG_rootno,AN,v3_moddeg@bin4,3621,-0.0035254917352474102
NEG_rootno,AN,v3_moddeg@bin5,1949,-0.00043911427193044084
NEG_rootno,AN,v5_moddeg=0,40483,-0.004384434978522034
NEG_rootno,AN,v5_moddeg=1,21772,-0.001748026542989889
NEG_rootno,AN,v5_moddeg=2,6609,-0.0011617608891381082
NEG_rootno,AN,v5_moddeg=3,1570,-0.011972055750369082
NEG_rootno,AN,v7_moddeg=0,51355,-0.0040595714194711086
NEG_rootno,AN,v7_moddeg=1,16146,-0.001372201126649486
NEG_rootno,AN,v7_moddeg=2,2847,-0.0008758212579693669
NEG_rootno,AN,log_odd_moddeg@bin1,5069,-0.00706562831454649
NEG_rootno,AN,log_odd_moddeg@bin2,6408,-0.000327810071865553
NEG_rootno,AN,log_odd_moddeg@bin3,8176,-0.005589071852778016
NEG_rootno,AN,log_odd_moddeg@bin4,10389,-0.0031968282660350678
NEG_rootno,AN,log_odd_moddeg@bin5,11408,-0.0021576354842052226
NEG_rootno,AN,log_odd_moddeg@bin6,13051,-0.007145727292587889
NEG_rootno,AN,log_odd_moddeg@bin7,12886,-0.002593681507537804
NEG_rootno,AN,petersson_resid@bin1,5205,-0.034577583732656514
NEG_rootno,AN,petersson_resid@bin2,6112,-0.031469532093689745
NEG_rootno,AN,petersson_resid@bin3,7100,-0.02104318462665522
NEG_rootno,AN,petersson_resid@bin4,8620,-0.004405770206088011
NEG_rootno,AN,petersson_resid@bin5,10321,-0.002118224069416197
NEG_rootno,AN,petersson_resid@bin6,12113,-0.0011601353247354673
NEG_rootno,AN,petersson_resid@bin7,16290,-0.0013293469699666716
NEG_rootno,AN,log_omega@bin1,5266,-0.0008849581008221197
NEG_rootno,AN,log_omega@bin2,6009,0.00046117701885939333
NEG_rootno,AN,log_omega@bin3,6906,-0.0014385530395846224
NEG_rootno,AN,log_omega@bin4,7959,-0.0019831449293954417
NEG_rootno,AN,log_omega@bin5,9532,-0.010469558551911673
NEG_rootno,AN,log_omega@bin6,12049,-0.013601742340034084
NEG_rootno,AN,log_omega@bin7,18075,-0.015830974100792927
NEG_a997,EQ,log_abs_disc@bin1,39854,-8.485694163318236e-05
NEG_a997,EQ,log_abs_disc@bin2,36096,2.4861785664631597e-06
NEG_a997,EQ,log_abs_disc@bin3,32948,0.0001107522186626353
NEG_a997,EQ,log_abs_disc@bin4,30678,-6.499630325462746e-05
NEG_a997,EQ,log_abs_disc@bin5,28116,-2.269341834515437e-05
NEG_a997,EQ,log_abs_disc@bin6,25891,0.00011378874333300981
NEG_a997,EQ,log_abs_disc@bin7,23494,-0.00010581088473760047
NEG_a997,EQ,log_j_height@bin1,39157,-0.00012535396469526283
NEG_a997,EQ,log_j_height@bin2,36427,1.0042354761208294e-05
NEG_a997,EQ,log_j_height@bin3,34269,2.4580079516112185e-05
NEG_a997,EQ,log_j_height@bin4,31632,-7.077424361301432e-05
NEG_a997,EQ,log_j_height@bin5,28742,7.830347237702817e-05
NEG_a997,EQ,log_j_height@bin6,26666,0.00017056877173415863
NEG_a997,EQ,log_j_height@bin7,23241,-0.00013807329731974072
NEG_a997,EQ,disc_sign=-1,165384,8.786702438312588e-06
NEG_a997,EQ,log_abs_c4@bin1,40493,-1.0441644947345452e-05
NEG_a997,EQ,log_abs_c4@bin2,36777,-8.634798146944789e-06
NEG_a997,EQ,log_abs_c4@bin3,33667,4.2819793500625813e-05
NEG_a997,EQ,log_abs_c4@bin4,31031,-3.964829792968416e-05
NEG_a997,EQ,log_abs_c4@bin5,27994,0.00010070568008413439
NEG_a997,EQ,log_abs_c4@bin6,24994,0.00014298220429753705
NEG_a997,EQ,log_abs_c4@bin7,22168,-0.00023923518852764225
NEG_a997,EQ,c4_sign=1.0,203412,-2.6550601983199584e-05
NEG_a997,EQ,c6_sign=-1.0,132267,6.489714823421089e-06
NEG_a997,GAL,class_size=1,177789,7.098573369224148e-06
NEG_a997,GAL,class_size=2,69091,-7.366928490792901e-06
NEG_a997,GAL,class_size=4,12773,-5.736082610496851e-05
NEG_a997,GAL,class_size=3,988,-1.8890210531141705e-05
NEG_a997,GAL,class_size=6,914,0.000479060643352347
NEG_a997,GAL,max_isogeny_degree@bin1,55153,-3.34212355934671e-05
NEG_a997,GAL,max_isogeny_degree@bin2,23802,-4.7565612670608104e-05
NEG_a997,GAL,max_isogeny_degree@bin3,4993,0.0005476788960849799
NEG_a997,GAL,has_5_isog,1185,-0.00012627087552408156
NEG_a997,GAL,two_adic_log_index=0.0,189071,3.7024772125970884e-06
NEG_a997,GAL,two_adic_log_index=1.584962500721156,45521,-3.101632916480135e-05
NEG_a997,GAL,two_adic_log_index=2.584962500721156,14443,1.0929442237128661e-05
NEG_a997,GAL,two_adic_log_index=3.584962500721156,7294,-0.0002945801800007253
NEG_a997,GAL,two_adic_log_index=1.0,3069,0.0007783825972677016
NEG_a997,GAL,two_adic_log_index=4.584962500721156,1333,0.00035239472723236354
NEG_a997,GAL,two_adic_level=1,189071,3.7024772125970884e-06
NEG_a997,GAL,two_adic_level=2,46276,-2.8782766715584884e-05
NEG_a997,GAL,two_adic_level=8,14692,-1.4528969981109086e-05
NEG_a997,GAL,two_adic_level=4,10947,8.133360465523154e-05
NEG_a997,GAL,two_adic_level=16,643,0.0008984470230417596
NEG_a997,GAL,n_nonsurj_primes=0,176356,7.086623942997861e-06
NEG_a997,GAL,n_nonsurj_primes=1,83444,-5.665215164540882e-06
NEG_a997,GAL,exceptional_image,1657,0.000103238880162837
NEG_a997,GAL,v2_torsion=0,192743,1.6700071412079076e-05
NEG_a997,GAL,v2_torsion=1,66312,-3.0513855154401526e-05
NEG_a997,GAL,v2_torsion=2,2671,-0.00013160559949909612
NEG_a997,GAL,odd_torsion=1,256021,4.381864668667745e-06
NEG_a997,GAL,odd_torsion=3,5489,-5.39096661138494e-05
NEG_a997,GAL,has_2_isog,68994,-3.2146230033225365e-05
NEG_a997,GAL,has_3_isog,15132,2.5832048875185087e-05
NEG_a997,DIO,n_intpts_x@bin1,77088,0.00026586409244044873
NEG_a997,DIO,n_intpts_x@bin2,35297,-6.892572374250783e-05
NEG_a997,DIO,n_intpts_x@bin3,28131,1.3847436484804021e-05
NEG_a997,DIO,n_intpts_x@bin4,26300,0.000923223361865344
NEG_a997,LOC,n_bad_primes=4,121558,3.647144132568059e-05
NEG_a997,LOC,n_bad_primes=3,73649,1.3419128441771733e-07
NEG_a997,LOC,n_bad_primes=5,49100,-3.0638935077709206e-05
NEG_a997,LOC,n_bad_primes=2,13375,-0.00013396497926843054
NEG_a997,LOC,n_bad_primes=6,3317,-0.001489838293055712
NEG_a997,LOC,n_split_mult=1,99020,-3.0163508465852473e-05
NEG_a997,LOC,n_split_mult=2,74879,-0.00010836301839689533
NEG_a997,LOC,n_split_mult=0,51765,1.1647460271047017e-05
NEG_a997,LOC,n_split_mult=3,28735,0.00010374995261874798
NEG_a997,LOC,n_split_mult=4,6748,0.00031884696124195866
NEG_a997,LOC,n_split_mult=5,557,0.00014079626806773327
NEG_a997,LOC,n_nonsplit_mult=1,101081,3.0975528211296677e-06
NEG_a997,LOC,n_nonsplit_mult=2,73828,-3.802887650339315e-05
NEG_a997,LOC,n_nonsplit_mult=0,52387,4.211984562907389e-05
NEG_a997,LOC,n_nonsplit_mult=3,27830,-5.84912359906653e-05
NEG_a997,LOC,n_nonsplit_mult=4,5882,-0.00038783984850510045
NEG_a997,LOC,n_nonsplit_mult=5,694,-0.0018171338968018258
NEG_a997,LOC,n_additive=1,117989,-3.540706360039003e-05
NEG_a997,LOC,n_additive=0,70692,-2.6646125527385323e-05
NEG_a997,LOC,n_additive=2,61820,6.107963789525606e-06
NEG_a997,LOC,n_additive=3,10897,6.4137573730915776e-06
NEG_a997,LOC,n_kod_In=3,82891,-9.3657756997656e-05
NEG_a997,LOC,n_kod_In=2,75929,3.9474024540853137e-05
NEG_a997,LOC,n_kod_In=4,50717,0.00011551607326520941
NEG_a997,LOC,n_kod_In=1,31266,-0.00010439089636937737
NEG_a997,LOC,n_kod_In=5,15452,3.708300895310934e-05
NEG_a997,LOC,n_kod_In=0,3404,0.0003879039339720336
NEG_a997,LOC,n_kod_II=0,233186,1.0964819501246836e-05
NEG_a997,LOC,n_kod_II=1,27551,-0.0002487826515087388
NEG_a997,LOC,n_kod_II=2,990,-0.0008369486161243778
NEG_a997,LOC,n_kod_III=0,235246,-1.3038874455473248e-05
NEG_a997,LOC,n_kod_III=1,25579,-2.180541938501257e-05
NEG_a997,LOC,n_kod_III=2,903,-0.001646263102459633
NEG_a997,LOC,n_kod_IV=0,241263,-3.515991466063184e-05
NEG_a997,LOC,n_kod_IV=1,20021,0.00018063477425767083
NEG_a997,LOC,n_kod_I0s=0,229070,-1.8488754044865274e-05
NEG_a997,LOC,n_kod_I0s=1,31371,-4.816073603475246e-06
NEG_a997,LOC,n_kod_I0s=2,1282,-0.0005106408515818117
NEG_a997,LOC,n_kod_Ins=0,172039,-4.8524506312208615e-05
NEG_a997,LOC,n_kod_Ins=1,78851,5.1304571011434597e-05
NEG_a997,LOC,n_kod_Ins=2,10444,-4.417297347436566e-05
NEG_a997,LOC,n_kod_IIs=0,246213,-3.2208172459968765e-05
NEG_a997,LOC,n_kod_IIs=1,15122,0.00017619247396960525
NEG_a997,LOC,n_kod_IIIs=0,241326,-1.4641056990116752e-05
NEG_a997,LOC,n_kod_IIIs=1,19766,-8.689396023209284e-05
NEG_a997,LOC,n_kod_IIIs=2,636,0.0002984354826259805
NEG_a997,LOC,n_kod_IVs=0,236928,-4.438672795381571e-05
NEG_a997,LOC,n_kod_IVs=1,23777,0.00024178048606160463
NEG_a997,LOC,n_kod_IVs=2,1017,-0.00027995777993772286
NEG_a997,LOC,v2_tamagawa@bin1,67675,2.8335353844388678e-05
NEG_a997,LOC,v2_tamagawa@bin2,45693,-0.0001496455125395979
NEG_a997,LOC,v2_tamagawa@bin3,24677,-0.00011151990531210743
NEG_a997,LOC,v2_tamagawa@bin4,10413,-0.00033372574804446664
NEG_a997,LOC,v2_tamagawa@bin5,5155,0.0006105468864805452
NEG_a997,LOC,v3_tamagawa=0,185547,-3.642103420431475e-05
NEG_a997,LOC,v3_tamagawa=1,59552,0.00012187455920964485
NEG_a997,LOC,v3_tamagawa=2,12902,1.447187848602205e-05
NEG_a997,LOC,v3_tamagawa=3,3021,-0.0023891688991848348
NEG_a997,LOC,v3_tamagawa=4,620,0.0018771854738831584
NEG_a997,LOC,v5_tamagawa=0,236377,-1.744492375732598e-05
NEG_a997,LOC,v5_tamagawa=1,23896,-0.0001738138440225967
NEG_a997,LOC,v5_tamagawa=2,1324,0.0023258740993647997
NEG_a997,LOC,v7_tamagawa=0,248986,-2.049599699716076e-05
NEG_a997,LOC,v7_tamagawa=1,12473,-2.9567304014710416e-05
NEG_a997,LOC,log_odd_tamagawa@bin1,48739,5.245641034257176e-05
NEG_a997,LOC,log_odd_tamagawa@bin2,33293,-0.00012043342706435922
NEG_a997,LOC,log_odd_tamagawa@bin3,26184,8.991515914769099e-05
NEG_a997,LOC,log_tamagawa@bin1,47667,1.602917522991465e-05
NEG_a997,LOC,log_tamagawa@bin2,46238,-0.00011220067264772204
NEG_a997,LOC,log_tamagawa@bin3,6426,5.936124552341493e-05
NEG_a997,LOC,log_tamagawa@bin4,33046,5.7364457469732955e-05
NEG_a997,LOC,log_tamagawa@bin5,29440,-0.0001557025809224566
NEG_a997,LOC,log_tamagawa@bin6,19236,7.009079956499242e-05
NEG_a997,LOC,log_tamagawa@bin7,22761,-1.7680355462568187e-05
NEG_a997,AN,rank_c=1,132029,0.00041849166848972885
NEG_a997,AN,rank_c=0,97093,0.0021139277038745297
NEG_a997,AN,rank_c=2,31842,0.0013808828143565544
NEG_a997,AN,root_number=-1,132802,0.00041222039637600627
NEG_a997,AN,v2_sha=0,252726,0.0011600587322531108
NEG_a997,AN,v2_sha=2,8330,0.001282275008828826
NEG_a997,AN,v2_sha=4,642,-0.0004908967538301834
NEG_a997,AN,v3_sha=0,258523,0.0011992187823391953
NEG_a997,AN,v3_sha=2,3190,-0.0018973267007103
NEG_a997,AN,v5_sha=0,261162,0.001167019708572803
NEG_a997,AN,v5_sha=2,575,-0.0019520714141967321
NEG_a997,AN,v7_sha=0,261575,0.0011579684689599912
NEG_a997,AN,log_odd_sha@bin1,3984,-0.0016357324274052232
NEG_a997,AN,v2_moddeg@bin1,57603,0.0009863100562562677
NEG_a997,AN,v2_moddeg@bin2,32292,0.001163926104263302
NEG_a997,AN,v2_moddeg@bin3,30728,0.0011673330179334807
NEG_a997,AN,v2_moddeg@bin4,49277,0.0013035025862936367
NEG_a997,AN,v2_moddeg@bin5,16631,0.0005561328245256014
NEG_a997,AN,v2_moddeg@bin6,19757,0.0013839700877394945
NEG_a997,AN,v2_moddeg@bin7,10812,0.0010271814035099913
NEG_a997,AN,v3_moddeg@bin1,72515,0.0010534792419034655
NEG_a997,AN,v3_moddeg@bin2,69225,0.0016227423847815503
NEG_a997,AN,v3_moddeg@bin3,45122,0.0010298695720195594
NEG_a997,AN,v3_moddeg@bin4,22513,0.0009593226533614052
NEG_a997,AN,v3_moddeg@bin5,13276,0.0008840655017191557
NEG_a997,AN,v5_moddeg=0,141171,0.00130342584551002
NEG_a997,AN,v5_moddeg=1,87609,0.0011324938418386665
NEG_a997,AN,v5_moddeg=2,26454,0.0010141092920253891
NEG_a997,AN,v5_moddeg=3,5514,-0.0011683603075274274
NEG_a997,AN,v5_moddeg=4,883,-0.0012162452998747408
NEG_a997,AN,v7_moddeg=0,188050,0.0012396962012435342
NEG_a997,AN,v7_moddeg=1,62107,0.0010170919796131939
NEG_a997,AN,v7_moddeg=2,10362,0.0006083852439288107
NEG_a997,AN,v7_moddeg=3,1128,0.001622114608097025
NEG_a997,AN,log_odd_moddeg@bin1,31196,0.00040728273607348875
NEG_a997,AN,log_odd_moddeg@bin2,28888,0.0011337779774297507
NEG_a997,AN,log_odd_moddeg@bin3,33242,0.0018269735090175043
NEG_a997,AN,log_odd_moddeg@bin4,36172,0.000991327528841901
NEG_a997,AN,log_odd_moddeg@bin5,35961,0.0016146882491895331
NEG_a997,AN,log_odd_moddeg@bin6,37218,0.0010026164191347942
NEG_a997,AN,log_odd_moddeg@bin7,35352,0.0009588985701955988
NEG_a997,AN,petersson_resid@bin1,32013,0.0011762987926967616
NEG_a997,AN,petersson_resid@bin2,31805,0.0016040017864638045
NEG_a997,AN,petersson_resid@bin3,31204,0.0008812151501287335
NEG_a997,AN,petersson_resid@bin4,31456,0.0008251079881838042
NEG_a997,AN,petersson_resid@bin5,31618,0.0012080499948694534
NEG_a997,AN,petersson_resid@bin6,32787,0.0012005766038619692
NEG_a997,AN,petersson_resid@bin7,36942,0.0012886758157091283
NEG_a997,AN,log_regulator@bin1,103539,0.00200670192007002
NEG_a997,AN,log_regulator@bin2,26312,0.0004169322998281988
NEG_a997,AN,log_regulator@bin3,33918,0.000453367215049294
NEG_a997,AN,log_regulator@bin4,30527,0.0008403145091326891
NEG_a997,AN,log_regulator@bin5,25810,0.0015976947461199265
NEG_a997,AN,log_omega@bin1,26828,0.001840362883611224
NEG_a997,AN,log_omega@bin2,28948,0.0009480837145606769
NEG_a997,AN,log_omega@bin3,30835,0.002065650300961508
NEG_a997,AN,log_omega@bin4,32654,0.0007185745496268714
NEG_a997,AN,log_omega@bin5,35228,0.0011828328519188913
NEG_a997,AN,log_omega@bin6,38538,0.0009550081674042366
NEG_a997,AN,log_omega@bin7,43827,0.0010849708906500721
NEG_shuffled_rank,EQ,log_abs_disc@bin1,39954,3.621989950675086e-05
NEG_shuffled_rank,EQ,log_abs_disc@bin2,36180,-9.60037529962321e-06
NEG_shuffled_rank,EQ,log_abs_disc@bin3,33020,2.3621134241591513e-05
NEG_shuffled_rank,EQ,log_abs_disc@bin4,30750,-4.221098881562746e-05
NEG_shuffled_rank,EQ,log_abs_disc@bin5,28169,0.0002317477909811183
NEG_shuffled_rank,EQ,log_abs_disc@bin6,25932,2.8460831958954103e-05
NEG_shuffled_rank,EQ,log_abs_disc@bin7,23512,1.870660831559956e-05
NEG_shuffled_rank,EQ,log_j_height@bin1,39183,-1.7488232311402285e-05
NEG_shuffled_rank,EQ,log_j_height@bin2,36447,-3.542038709003492e-06
NEG_shuffled_rank,EQ,log_j_height@bin3,34296,1.150489994394821e-05
NEG_shuffled_rank,EQ,log_j_height@bin4,31663,-1.6609920336252415e-05
NEG_shuffled_rank,EQ,log_j_height@bin5,28762,2.8955896036131357e-05
NEG_shuffled_rank,EQ,log_j_height@bin6,26688,0.00010364381243077592
NEG_shuffled_rank,EQ,log_j_height@bin7,23252,-1.982064456074184e-05
NEG_shuffled_rank,EQ,disc_sign=-1,165850,-7.679537026961114e-06
NEG_shuffled_rank,EQ,log_abs_c4@bin1,40553,2.712353390998956e-06
NEG_shuffled_rank,EQ,log_abs_c4@bin2,36828,-4.488019409665256e-05
NEG_shuffled_rank,EQ,log_abs_c4@bin3,33713,5.1435420968748424e-05
NEG_shuffled_rank,EQ,log_abs_c4@bin4,31058,8.924005749777475e-05
NEG_shuffled_rank,EQ,log_abs_c4@bin5,28028,9.164319443932811e-05
NEG_shuffled_rank,EQ,log_abs_c4@bin6,25014,-1.918935238776065e-05
NEG_shuffled_rank,EQ,log_abs_c4@bin7,22175,-5.168530643584468e-05
NEG_shuffled_rank,EQ,c4_sign=1.0,203633,-1.6239204833734533e-05
NEG_shuffled_rank,EQ,c4_sign=-1.0,58429,3.2490698663734108e-06
NEG_shuffled_rank,EQ,c6_sign=-1.0,132490,-8.359905092181208e-06
NEG_shuffled_rank,EQ,c6_sign=1.0,129711,1.0664720954678408e-05
NEG_shuffled_rank,LOC,n_bad_primes=4,121651,-3.185329493660127e-05
NEG_shuffled_rank,LOC,n_bad_primes=3,74003,8.155870384496389e-06
NEG_shuffled_rank,LOC,n_bad_primes=5,49106,-2.2617137349412175e-05
NEG_shuffled_rank,LOC,n_bad_primes=2,13491,-1.7179000822986623e-05
NEG_shuffled_rank,LOC,n_bad_primes=6,3317,0.0002471666335011058
NEG_shuffled_rank,LOC,n_split_mult=1,99098,-1.0062883382122578e-05
NEG_shuffled_rank,LOC,n_split_mult=2,74924,-6.225578166763057e-05
NEG_shuffled_rank,LOC,n_split_mult=0,52189,5.07152709223746e-05
NEG_shuffled_rank,LOC,n_split_mult=3,28757,-7.61529060639976e-05
NEG_shuffled_rank,LOC,n_split_mult=4,6752,0.0007585203048862121
NEG_shuffled_rank,LOC,n_split_mult=5,557,0.0005360055675602826
NEG_shuffled_rank,LOC,n_nonsplit_mult=1,101157,-2.172861766780443e-05
NEG_shuffled_rank,LOC,n_nonsplit_mult=2,73876,-1.535938055341468e-05
NEG_shuffled_rank,LOC,n_nonsplit_mult=0,52816,7.623267096257269e-05
NEG_shuffled_rank,LOC,n_nonsplit_mult=3,27847,6.095830097607724e-05
NEG_shuffled_rank,LOC,n_nonsplit_mult=4,5884,0.00012487146190287568
NEG_shuffled_rank,LOC,n_nonsplit_mult=5,695,0.0026101286050873584
NEG_shuffled_rank,LOC,n_additive=1,118084,-3.0495883117875877e-05
NEG_shuffled_rank,LOC,n_additive=0,70761,1.4232341443487506e-05
NEG_shuffled_rank,LOC,n_additive=2,61957,-1.5237560216263546e-05
NEG_shuffled_rank,LOC,n_additive=3,11140,0.00014652180433083473
NEG_shuffled_rank,LOC,n_kod_In=3,82946,-3.2989078313949705e-05
NEG_shuffled_rank,LOC,n_kod_In=2,75991,-2.830353710869815e-05
NEG_shuffled_rank,LOC,n_kod_In=4,50750,-4.9308329081787505e-05
NEG_shuffled_rank,LOC,n_kod_In=1,31301,1.8943828391959627e-05
NEG_shuffled_rank,LOC,n_kod_In=5,15458,0.00011829648954098104
NEG_shuffled_rank,LOC,n_kod_In=0,3786,0.0007852980496150241
NEG_shuffled_rank,LOC,n_kod_II=0,233558,-2.379505867300402e-05
NEG_shuffled_rank,LOC,n_kod_II=1,27709,8.365784184005687e-05
NEG_shuffled_rank,LOC,n_kod_II=2,1028,0.0014120717474586097
NEG_shuffled_rank,LOC,n_kod_III=0,235590,-2.3572511456348977e-05
NEG_shuffled_rank,LOC,n_kod_III=1,25772,8.074438026506314e-05
NEG_shuffled_rank,LOC,n_kod_III=2,935,0.00037405750779195834
NEG_shuffled_rank,LOC,n_kod_IV=0,241722,-7.657025110630045e-06
NEG_shuffled_rank,LOC,n_kod_IV=1,20115,-3.350464450146973e-05
NEG_shuffled_rank,LOC,n_kod_I0s=0,229475,-4.441125145415725e-06
NEG_shuffled_rank,LOC,n_kod_I0s=1,31515,8.379563833937897e-05
NEG_shuffled_rank,LOC,n_kod_I0s=2,1306,0.0008813981774690172
NEG_shuffled_rank,LOC,n_kod_Ins=0,172533,9.646078947378456e-06
NEG_shuffled_rank,LOC,n_kod_Ins=1,78922,-3.5218377409718116e-05
NEG_shuffled_rank,LOC,n_kod_Ins=2,10452,-1.0643605178994875e-05
NEG_shuffled_rank,LOC,n_kod_IIs=0,246684,-2.2203152568955886e-05
NEG_shuffled_rank,LOC,n_kod_IIs=1,15210,0.0001784083825905336
NEG_shuffled_rank,LOC,n_kod_IIIs=0,241834,-9.21824578292707e-06
NEG_shuffled_rank,LOC,n_kod_IIIs=1,19823,-6.618236529853938e-05
NEG_shuffled_rank,LOC,n_kod_IIIs=2,644,-9.0813919666477e-06
NEG_shuffled_rank,LOC,n_kod_IVs=0,237419,-2.2529792609304877e-05
NEG_shuffled_rank,LOC,n_kod_IVs=1,23849,8.941076779256374e-05
NEG_shuffled_rank,LOC,n_kod_IVs=2,1025,0.00012884602215001983
NEG_shuffled_rank,LOC,v2_tamagawa@bin1,67820,6.103349618480358e-06
NEG_shuffled_rank,LOC,v2_tamagawa@bin2,45770,1.2605150998767911e-05
NEG_shuffled_rank,LOC,v2_tamagawa@bin3,24703,-2.213072097112523e-05
NEG_shuffled_rank,LOC,v2_tamagawa@bin4,10419,-0.00011675459126148091
NEG_shuffled_rank,LOC,v2_tamagawa@bin5,5156,0.00016827483871761917
NEG_shuffled_rank,LOC,v3_tamagawa=0,185969,-2.6039102002162196e-05
NEG_shuffled_rank,LOC,v3_tamagawa=1,59660,-1.5403301796279578e-05
NEG_shuffled_rank,LOC,v3_tamagawa=2,12938,0.00014299344491930377
NEG_shuffled_rank,LOC,v3_tamagawa=3,3028,0.0006358578452964059
NEG_shuffled_rank,LOC,v3_tamagawa=4,620,0.0006667074118648086
NEG_shuffled_rank,LOC,v5_tamagawa=0,236930,-1.9548449013973013e-05
NEG_shuffled_rank,LOC,v5_tamagawa=1,23915,-3.229659207870661e-05
NEG_shuffled_rank,LOC,v5_tamagawa=2,1325,-0.00019185973281787838
NEG_shuffled_rank,LOC,v7_tamagawa=0,249549,-1.2950880388329367e-05
NEG_shuffled_rank,LOC,v7_tamagawa=1,12483,-4.60443386456344e-05
NEG_shuffled_rank,LOC,log_odd_tamagawa@bin1,48841,3.124226999462465e-05
NEG_shuffled_rank,LOC,log_odd_tamagawa@bin2,33341,5.373116693840885e-05
NEG_shuffled_rank,LOC,log_odd_tamagawa@bin3,26211,-4.560150671606422e-05
NEG_shuffled_rank,LOC,log_tamagawa@bin1,47812,1.756553243659198e-05
NEG_shuffled_rank,LOC,log_tamagawa@bin2,46354,-5.790995744714422e-05
NEG_shuffled_rank,LOC,log_tamagawa@bin3,6440,-2.3883628650356314e-06
NEG_shuffled_rank,LOC,log_tamagawa@bin4,33086,5.096801316883948e-05
NEG_shuffled_rank,LOC,log_tamagawa@bin5,29481,2.9476524077032273e-05
NEG_shuffled_rank,LOC,log_tamagawa@bin6,19249,1.0757019191731665e-05
NEG_shuffled_rank,LOC,log_tamagawa@bin7,22777,5.4989818811135294e-05
NEG_shuffled_rank,GAL,torsion_structure=[],187545,-4.129132635810606e-08
NEG_shuffled_rank,GAL,torsion_structure=[2],65978,2.6822723644182034e-05
NEG_shuffled_rank,GAL,torsion_structure=[3],5141,0.00023280779725420864
NEG_shuffled_rank,GAL,torsion_structure=[4],1953,0.0004934353247475487
NEG_shuffled_rank,GAL,"torsion_structure=[2,2]",720,0.02505628004726368
NEG_shuffled_rank,GAL,has_2_isog,69020,9.25354018832536e-06
NEG_shuffled_rank,GAL,has_3_isog,15141,5.518170872254036e-05
NEG_shuffled_rank,GAL,class_size=1,177945,-3.098578974736199e-06
NEG_shuffled_rank,GAL,class_size=2,69118,3.3798373590743225e-05
NEG_shuffled_rank,GAL,class_size=4,12781,0.00011060460153722307
NEG_shuffled_rank,GAL,class_size=3,988,0.00022705682456303222
NEG_shuffled_rank,GAL,class_size=6,914,0.0006200503244000455
NEG_shuffled_rank,GAL,max_isogeny_degree@bin1,55171,1.3842367705296788e-05
NEG_shuffled_rank,GAL,max_isogeny_degree@bin2,23819,0.00012605647180918833
NEG_shuffled_rank,GAL,max_isogeny_degree@bin3,4993,0.00013794347497242399
NEG_shuffled_rank,GAL,has_5_isog,1185,0.0007673449800742471
NEG_shuffled_rank,GAL,two_adic_log_index=0.0,189235,6.38671335095875e-06
NEG_shuffled_rank,GAL,two_adic_log_index=1.584962500721156,45535,1.747978457122823e-05
NEG_shuffled_rank,GAL,two_adic_log_index=2.584962500721156,14448,0.00010491576264071156
NEG_shuffled_rank,GAL,two_adic_log_index=3.584962500721156,7301,5.624795570080554e-05
NEG_shuffled_rank,GAL,two_adic_log_index=1.0,3069,7.088360782225855e-06
NEG_shuffled_rank,GAL,two_adic_log_index=4.584962500721156,1333,4.482296885122139e-05
NEG_shuffled_rank,GAL,two_adic_level=1,189235,6.38671335095875e-06
NEG_shuffled_rank,GAL,two_adic_level=2,46290,8.697528348533545e-06
NEG_shuffled_rank,GAL,two_adic_level=8,14696,4.2457727743694385e-05
NEG_shuffled_rank,GAL,two_adic_level=4,10956,5.518666109427528e-06
NEG_shuffled_rank,GAL,two_adic_level=16,643,0.0003220802239293219
NEG_shuffled_rank,GAL,n_nonsurj_primes=0,176512,-1.2733473084836078e-06
NEG_shuffled_rank,GAL,n_nonsurj_primes=1,83479,4.197993455190563e-05
NEG_shuffled_rank,GAL,exceptional_image,1657,-3.554963144769552e-05
NEG_shuffled_rank,GAL,v2_torsion=0,192908,2.82246014782217e-07
NEG_shuffled_rank,GAL,v2_torsion=1,66336,9.890891445096806e-06
NEG_shuffled_rank,GAL,v2_torsion=2,2673,3.524508116470315e-05
NEG_shuffled_rank,GAL,odd_torsion=1,256207,-1.729948939654946e-07
NEG_shuffled_rank,GAL,odd_torsion=3,5494,7.907488099256899e-05
NEG_shuffled_rank,AN,rank_c=1,132300,-1.7131807864778636e-05
NEG_shuffled_rank,AN,rank_c=0,97324,-5.2187301851081e-06
NEG_shuffled_rank,AN,rank_c=2,31912,2.9829032145434198e-05
NEG_shuffled_rank,AN,root_number=-1,133074,-1.705835864584948e-05
NEG_shuffled_rank,AN,v2_sha=0,253268,-2.685504532906613e-05
NEG_shuffled_rank,AN,v2_sha=2,8358,0.00020533205536032995
NEG_shuffled_rank,AN,v2_sha=4,645,4.532006100621544e-05
NEG_shuffled_rank,AN,v3_sha=0,259077,-3.323637341035024e-05
NEG_shuffled_rank,AN,v3_sha=2,3209,0.0007843584779214652
NEG_shuffled_rank,AN,v5_sha=0,261734,-3.409671010867754e-05
NEG_shuffled_rank,AN,v5_sha=2,576,0.0044987393832119915
NEG_shuffled_rank,AN,v7_sha=0,262148,-3.3162325930424785e-05
NEG_shuffled_rank,AN,log_odd_sha@bin1,4004,0.00019625087892138904
NEG_shuffled_rank,AN,v2_moddeg@bin1,57750,-5.880394524915289e-05
NEG_shuffled_rank,AN,v2_moddeg@bin2,32349,4.89757080243125e-05
NEG_shuffled_rank,AN,v2_moddeg@bin3,30768,4.957550128448229e-05
NEG_shuffled_rank,AN,v2_moddeg@bin4,49371,-4.304850551428707e-05
NEG_shuffled_rank,AN,v2_moddeg@bin5,16647,4.411041800500559e-05
NEG_shuffled_rank,AN,v2_moddeg@bin6,19779,-3.8087773769790445e-05
NEG_shuffled_rank,AN,v2_moddeg@bin7,10818,-6.106310656672775e-06
NEG_shuffled_rank,AN,v3_moddeg@bin1,72622,-5.280813968999709e-06
NEG_shuffled_rank,AN,v3_moddeg@bin2,69337,-4.709702217398082e-05
NEG_shuffled_rank,AN,v3_moddeg@bin3,45223,-3.5354377510010693e-06
NEG_shuffled_rank,AN,v3_moddeg@bin4,22596,-3.235511250609946e-05
NEG_shuffled_rank,AN,v3_moddeg@bin5,13361,0.0002732090183400482
NEG_shuffled_rank,AN,v5_moddeg=0,141513,-2.0905044559205166e-05
NEG_shuffled_rank,AN,v5_moddeg=1,87790,-1.467702175395047e-05
NEG_shuffled_rank,AN,v5_moddeg=2,26496,4.97900747530311e-05
NEG_shuffled_rank,AN,v5_moddeg=3,5522,-3.1166761358836226e-05
NEG_shuffled_rank,AN,v5_moddeg=4,883,-0.00019737555012189212
NEG_shuffled_rank,AN,v7_moddeg=0,188479,-2.2511218918941367e-05
NEG_shuffled_rank,AN,v7_moddeg=1,62229,-5.418453455052763e-05
NEG_shuffled_rank,AN,v7_moddeg=2,10381,0.00018423383179788644
NEG_shuffled_rank,AN,v7_moddeg=3,1131,0.001341905138784405
NEG_shuffled_rank,AN,log_odd_moddeg@bin1,31262,-1.475515270232819e-05
NEG_shuffled_rank,AN,log_odd_moddeg@bin2,28933,-4.156459714788063e-05
NEG_shuffled_rank,AN,log_odd_moddeg@bin3,33314,2.2914786190542102e-05
NEG_shuffled_rank,AN,log_odd_moddeg@bin4,36249,5.725838606585043e-06
NEG_shuffled_rank,AN,log_odd_moddeg@bin5,36026,-1.1258361403143624e-05
NEG_shuffled_rank,AN,log_odd_moddeg@bin6,37298,9.623782520173929e-05
NEG_shuffled_rank,AN,log_odd_moddeg@bin7,35434,2.116611725477835e-05
NEG_shuffled_rank,AN,petersson_resid@bin1,32094,5.914553996788641e-05
NEG_shuffled_rank,AN,petersson_resid@bin2,31867,1.2404395701492987e-05
NEG_shuffled_rank,AN,petersson_resid@bin3,31276,2.454981648192245e-06
NEG_shuffled_rank,AN,petersson_resid@bin4,31500,-2.4338956742697704e-05
NEG_shuffled_rank,AN,petersson_resid@bin5,31657,1.7968445350624584e-05
NEG_shuffled_rank,AN,petersson_resid@bin6,32822,3.6140692487696136e-05
NEG_shuffled_rank,AN,petersson_resid@bin7,36973,-0.00011738087483537107
NEG_shuffled_rank,AN,log_regulator@bin1,103782,-1.631650637001769e-05
NEG_shuffled_rank,AN,log_regulator@bin2,26357,0.00011345140269347631
NEG_shuffled_rank,AN,log_regulator@bin3,33991,-1.8289313607366964e-05
NEG_shuffled_rank,AN,log_regulator@bin4,30613,7.645352188867527e-05
NEG_shuffled_rank,AN,log_regulator@bin5,25888,4.87703911815629e-05
NEG_shuffled_rank,AN,log_omega@bin1,26869,-2.4548834389737095e-06
NEG_shuffled_rank,AN,log_omega@bin2,29014,5.48262313811998e-05
NEG_shuffled_rank,AN,log_omega@bin3,30903,0.00010135085529039412
NEG_shuffled_rank,AN,log_omega@bin4,32736,1.868239147828632e-07
NEG_shuffled_rank,AN,log_omega@bin5,35311,-7.417218753635879e-06
NEG_shuffled_rank,AN,log_omega@bin6,38629,-1.956957438919993e-05
NEG_shuffled_rank,AN,log_omega@bin7,43950,-3.8996351043874e-05
NEG_shuffled_rank,AP,nagao_100@bin1,32529,6.755124461910178e-06
NEG_shuffled_rank,AP,nagao_100@bin2,31567,-2.8559891807056204e-05
NEG_shuffled_rank,AP,nagao_100@bin3,31846,-8.68695127875796e-06
NEG_shuffled_rank,AP,nagao_100@bin4,32430,-7.50917983911581e-05
NEG_shuffled_rank,AP,nagao_100@bin5,32777,-1.6194475051189983e-05
NEG_shuffled_rank,AP,nagao_100@bin6,32807,-2.0582848721195646e-05
NEG_shuffled_rank,AP,nagao_100@bin7,32868,-9.30916024555195e-05
NEG_shuffled_rank,AP,nagao_300@bin1,31536,-2.8672954821562513e-06
NEG_shuffled_rank,AP,nagao_300@bin2,31815,-9.224536805785277e-05
NEG_shuffled_rank,AP,nagao_300@bin3,32380,5.609380382876061e-05
NEG_shuffled_rank,AP,nagao_300@bin4,32609,1.436517366149026e-05
NEG_shuffled_rank,AP,nagao_300@bin5,32992,-8.148140638675194e-05
NEG_shuffled_rank,AP,nagao_300@bin6,32077,-8.759169136451916e-05
NEG_shuffled_rank,AP,nagao_300@bin7,32722,-2.1180894532735195e-05
NEG_shuffled_rank,AP,nagao_1000@bin1,31309,3.059778952785308e-05
NEG_shuffled_rank,AP,nagao_1000@bin2,32152,2.2713977067656543e-05
NEG_shuffled_rank,AP,nagao_1000@bin3,32694,-1.690275727472823e-05
NEG_shuffled_rank,AP,nagao_1000@bin4,32635,-9.132545674361836e-05
NEG_shuffled_rank,AP,nagao_1000@bin5,32675,7.672141136250143e-05
NEG_shuffled_rank,AP,nagao_1000@bin6,31636,2.85696835315985e-05
NEG_shuffled_rank,AP,nagao_1000@bin7,32580,-6.291063289665111e-05
NEG_shuffled_rank,AP,frac_even@bin1,45533,-2.9763671341331843e-05
NEG_shuffled_rank,AP,frac_even@bin2,40215,-3.493015364952612e-06
NEG_shuffled_rank,AP,frac_even@bin3,42504,-4.7339533081780516e-05
NEG_shuffled_rank,AP,frac_even@bin4,86721,-0.0001283162585792308
NEG_shuffled_rank,AP,frac_zero@bin1,41315,-5.329810024434778e-07
NEG_shuffled_rank,AP,frac_zero@bin2,35394,-2.3861965478655378e-05
NEG_shuffled_rank,AP,frac_zero@bin3,36172,4.306254699215639e-05
NEG_shuffled_rank,AP,frac_zero@bin4,32925,-8.278868804278972e-05
NEG_shuffled_rank,AP,frac_zero@bin5,25823,-4.456010121001164e-05
NEG_shuffled_rank,AP,frac_zero@bin6,26469,-2.8587303751104187e-05
NEG_shuffled_rank,AP,frac_zero@bin7,20460,-1.716419944441938e-05
NEG_shuffled_rank,AP,st_mean@bin1,32855,9.765684395390828e-05
NEG_shuffled_rank,AP,st_mean@bin2,32326,4.995372307659007e-05
NEG_shuffled_rank,AP,st_mean@bin3,32436,0.00011276041368357692
NEG_shuffled_rank,AP,st_mean@bin4,32459,-3.973558751124706e-05
NEG_shuffled_rank,AP,st_mean@bin5,32315,-3.629433480556443e-05
NEG_shuffled_rank,AP,st_mean@bin6,32067,3.276631261872609e-06
NEG_shuffled_rank,AP,st_mean@bin7,32221,-5.521979500722196e-05
NEG_shuffled_rank,AP,st_m2@bin1,32653,-5.858532103886205e-09
NEG_shuffled_rank,AP,st_m2@bin2,32337,7.958460213208784e-05
NEG_shuffled_rank,AP,st_m2@bin3,32865,2.1399237102315283e-06
NEG_shuffled_rank,AP,st_m2@bin4,32814,-5.200821854245419e-05
NEG_shuffled_rank,AP,st_m2@bin5,32794,9.812857514668316e-06
NEG_shuffled_rank,AP,st_m2@bin6,32830,-2.12288146566042e-05
NEG_shuffled_rank,AP,st_m2@bin7,33301,3.59094990128872e-05
NEG_shuffled_rank,AP,mur_lo@bin1,32626,-2.7303566079606156e-05
NEG_shuffled_rank,AP,mur_lo@bin2,31897,-7.628436642370673e-06
NEG_shuffled_rank,AP,mur_lo@bin3,32354,-4.162626313575224e-05
NEG_shuffled_rank,AP,mur_lo@bin4,32535,2.4828294518886018e-05
NEG_shuffled_rank,AP,mur_lo@bin5,32677,-0.0001039835374674336
NEG_shuffled_rank,AP,mur_lo@bin6,32767,2.007590324393238e-05
NEG_shuffled_rank,AP,mur_lo@bin7,32568,-3.957978959046038e-05
NEG_shuffled_rank,AP,mur_mid@bin1,33400,-4.8806893227171244e-05
NEG_shuffled_rank,AP,mur_mid@bin2,32950,-4.606061362255609e-05
NEG_shuffled_rank,AP,mur_mid@bin3,32677,-1.4468978621895445e-05
NEG_shuffled_rank,AP,mur_mid@bin4,32580,0.00011670855910617117
NEG_shuffled_rank,AP,mur_mid@bin5,32183,8.67756639122419e-06
NEG_shuffled_rank,AP,mur_mid@bin6,32460,-9.314829723661155e-05
NEG_shuffled_rank,AP,mur_mid@bin7,32014,-3.772731318241185e-05
NEG_shuffled_rank,AP,mur_hi@bin1,33300,-0.00012739947998219314
NEG_shuffled_rank,AP,mur_hi@bin2,33158,1.533411904830473e-05
NEG_shuffled_rank,AP,mur_hi@bin3,32666,4.137082922262003e-05
NEG_shuffled_rank,AP,mur_hi@bin4,32548,4.312318046362229e-05
NEG_shuffled_rank,AP,mur_hi@bin5,32360,-6.304158857672881e-05
NEG_shuffled_rank,AP,mur_hi@bin6,32198,-4.704477082140279e-05
NEG_shuffled_rank,AP,mur_hi@bin7,32220,-5.201898132289884e-05
NEG_shuffled_rank,DIO,n_intpts_x@bin1,77281,1.4170027944793162e-05
NEG_shuffled_rank,DIO,n_intpts_x@bin2,35357,-5.467754322197038e-06
NEG_shuffled_rank,DIO,n_intpts_x@bin3,28193,1.2506330358874607e-05
NEG_shuffled_rank,DIO,n_intpts_x@bin4,26342,-5.251975607079018e-06
POS_watkins,v2_moddeg,v2_moddeg@bin1,57750,0.0016244632608477527
POS_watkins,v2_moddeg,v2_moddeg@bin2,32349,0.0024936050050387015
POS_watkins,v2_moddeg,v2_moddeg@bin3,30768,0.0017772046245766449
POS_watkins,v2_moddeg,v2_moddeg@bin4,49371,0.0005700878256574837
POS_watkins,v2_moddeg,v2_moddeg@bin5,16647,0.0011739829022936465
POS_watkins,v2_moddeg,v2_moddeg@bin6,19779,0.003793917709344785
POS_watkins,v2_moddeg,v2_moddeg@bin7,10818,0.017629922750877713
POS_lorenzini,torsion,torsion_structure=[],202270,0.0102625684872647
POS_lorenzini,torsion,torsion_structure=[2],149486,0.006142421347725913
POS_lorenzini,torsion,"torsion_structure=[2,2]",13150,0.0513142028398752
POS_lorenzini,torsion,torsion_structure=[3],6943,0.061305237167860516
POS_lorenzini,torsion,torsion_structure=[4],4652,0.12882142521964635
POS_lorenzini,torsion,torsion_structure=[6],991,0.2569614150788112
POS_torsion_cong,frac_even,frac_even@bin1,45533,0.995999157816958
POS_torsion_cong,frac_even,frac_even@bin2,40215,0.9976424735255817
POS_torsion_cong,frac_even,frac_even@bin3,42504,0.99453065040995
POS_torsion_cong,frac_even,frac_even@bin4,86721,0.9978140471958734
POS_nagao,nagao,nagao_1000@bin1,31309,0.43314078599274053
POS_nagao,nagao,nagao_1000@bin2,32152,0.958592974540963
POS_nagao,nagao,nagao_1000@bin3,32694,0.9752111699719676
POS_nagao,nagao,nagao_1000@bin4,32635,0.9725025243125816
POS_nagao,nagao,nagao_1000@bin5,32675,0.9458896039666479
POS_nagao,nagao,nagao_1000@bin6,31636,0.9134650185358846
POS_nagao,nagao,nagao_1000@bin7,32580,0.9965194713006649
EXP_H1,disc_sign,disc_sign=-1,79590,0.004898238423577617
