test,target,block,n_rows,k_K,k_X,known,control,r2_K,r2_KX,D_full,D_full_by_class,local_max,local_max_level,n_sub,D_sub,null_mean,null_max,p_perm,local_sub,local_null_max,p_local,nperm,n_strata,hit,local_hit
NEG_rootno,root_number,EQ,355675,14,27,must not hit,negative,0.9994704265114549,0.9994703366669919,-4.251980750824558e-08,"{""root_number=-1"": -0.0, ""root_number=1"": -0.0}",0.0004884609936575135,log_abs_disc@bin3,355675,-8.984446298043736e-08,-1.9013550872637452e-08,1.401163060021915e-07,0.9047619047619048,0.0004884609936575135,0.0033574156081338513,1.0,20,197,False,False
NEG_rootno,root_number,GAL,355675,14,40,must not hit,negative,0.9994704265114549,0.999468435477244,-1.6049291041708713e-06,"{""root_number=-1"": -0.0, ""root_number=1"": -0.0}",-0.0010706455007316595,torsion_structure=[3],355675,-1.991034210946374e-06,-1.1602455326220618e-06,-3.884286432498385e-07,0.9047619047619048,-0.0010706455007316595,0.013207252735739194,0.9523809523809523,20,197,False,False
NEG_rootno,root_number,DIO,355675,14,5,must not hit,negative,0.9994704265114549,0.9994651328718098,-5.687938853915497e-06,"{""root_number=-1"": -1e-05, ""root_number=1"": -1e-05}",0.008527976502260892,n_intpts_x@bin2,355675,-5.293639645076453e-06,-6.28847235938923e-06,-5.110436891775372e-06,0.14285714285714285,0.008527976502260892,0.009243255903279124,0.09523809523809523,20,197,False,False
NEG_rootno,root_number,AN,355675,14,52,must not hit,negative,0.9994704265114549,0.9994688955273725,-1.4082841929830003e-06,"{""root_number=-1"": -0.0, ""root_number=1"": -0.0}",0.22474668809922205,log_odd_sha@bin1,355675,-1.53098408239849e-06,-1.5040480951244994e-06,-1.1195323610380115e-06,0.6666666666666666,0.22474668809922205,0.4446165425718528,0.6666666666666666,20,197,False,False
NEG_a997,a997,EQ,1308121,15,27,must not hit,negative,-2.7131444016559314e-05,-2.648934247484469e-05,1.982717619281038e-05,"{""a997"": 2e-05}",0.00017056877173415863,log_j_height@bin6,400000,-2.096164680454038e-05,-8.236245451994639e-05,4.4674923058929394e-05,0.23809523809523808,0.0003132515593886609,0.0005529112383301227,0.2857142857142857,20,334,False,False
NEG_a997,a997,GAL,1308121,15,38,must not hit,negative,-2.7131444016559314e-05,-2.3357462157314046e-05,-1.321094328476935e-05,"{""a997"": -1e-05}",0.0008984470230417596,two_adic_level=16,400000,-2.8469393977825774e-05,-7.014832706470076e-05,1.2561220945839224e-05,0.23809523809523808,0.000996704524736769,0.0033446015827183206,0.2857142857142857,20,333,False,False
NEG_a997,a997,DIO,1308121,15,5,must not hit,negative,-2.7131444016559314e-05,0.0003031561533545224,0.00032999392183863385,"{""a997"": 0.00033}",0.000923223361865344,n_intpts_x@bin4,400000,0.00047044501444237774,-1.7612049933413144e-05,1.8644492120634126e-05,0.047619047619047616,0.0011149025097665355,0.00037121649931082246,0.047619047619047616,20,335,False,False
NEG_a997,a997,LOC,1308121,15,83,must not hit,negative,-2.7131444016559314e-05,-4.654086748545616e-05,4.86450950071271e-06,"{""a997"": 0.0}",0.0023258740993647997,v5_tamagawa=2,400000,-0.0001321830512281963,-0.00017901784539539056,1.83546550767133e-05,0.42857142857142855,0.001319527741235671,0.0020404746570088506,0.3333333333333333,20,335,False,False
NEG_a997,a997,AN,1308121,15,69,C7 at most small,negative,-2.7131444016559314e-05,0.0011331471536060178,0.0012201596623832578,"{""a997"": 0.00122}",0.0021139277038745297,rank_c=0,400000,0.00038805639425831817,-0.00010134588408893253,7.091442637996437e-06,0.047619047619047616,0.0017713768845413203,0.0027298297168910635,0.09523809523809523,20,335,False,False
NEG_shuffled_rank,rank_shuffled,EQ,1311066,8,29,must not hit,negative,5.207704013243664e-06,-2.2410434463493445e-05,-1.1620191666672497e-06,"{""rank_shuffled=1"": -3e-05, ""rank_shuffled=0"": -0.0, ""rank_shuffled=2"": -3e-05, ""rank_shuffled=3"": -4e-05}",0.0002317477909811183,log_abs_disc@bin5,400000,-2.9113257267399106e-05,-2.034119962300296e-05,8.973409447932124e-05,0.5714285714285714,0.00068584241191183,0.0007660258449311286,0.09523809523809523,20,42,False,False
NEG_shuffled_rank,rank_shuffled,LOC,1311066,8,83,must not hit,negative,5.207704013243664e-06,-8.32433532726995e-06,-3.41538635639238e-05,"{""rank_shuffled=1"": -0.00011, ""rank_shuffled=0"": -0.00013, ""rank_shuffled=2"": -3e-05, ""rank_shuffled=3"": -6e-05}",0.0026101286050873584,n_nonsplit_mult=5,400000,-8.106119049600125e-05,-9.062902928883566e-05,4.908062726238782e-05,0.38095238095238093,0.11897631736278724,0.23843459329626848,0.19047619047619047,20,42,False,False
NEG_shuffled_rank,rank_shuffled,GAL,1309159,8,46,must not hit,negative,4.775822310842948e-06,4.5577115018735626e-06,-7.647340125593871e-06,"{""rank_shuffled=1"": -2e-05, ""rank_shuffled=0"": -2e-05, ""rank_shuffled=2"": -1e-05, ""rank_shuffled=3"": -1e-05}",0.02505628004726368,"torsion_structure=[2,2]",400000,-2.4804467040340228e-05,-1.2257830051776165e-05,4.7103837573780893e-05,0.6666666666666666,0.003790047484864778,0.9046547275891723,0.38095238095238093,20,42,False,False
NEG_shuffled_rank,rank_shuffled,AN,1311066,8,69,must not hit,negative,5.207704013243664e-06,-4.055681938996969e-05,-4.2697707140826324e-05,"{""rank_shuffled=1"": -5e-05, ""rank_shuffled=0"": -4e-05, ""rank_shuffled=2"": -5e-05, ""rank_shuffled=3"": -5e-05}",0.0044987393832119915,v5_sha=2,400000,-6.666041046843318e-05,-7.016780877879824e-05,3.5478474293526574e-05,0.42857142857142855,0.001340725379755825,0.28483082625147915,0.5714285714285714,20,42,False,False
NEG_shuffled_rank,rank_shuffled,AP,1311066,8,78,must not hit,negative,5.207704013243664e-06,-5.771083933958643e-05,-6.043649253206773e-05,"{""rank_shuffled=1"": -8e-05, ""rank_shuffled=0"": -7e-05, ""rank_shuffled=2"": -8e-05, ""rank_shuffled=3"": -6e-05}",0.00011670855910617117,mur_mid@bin4,400000,-0.00015525458751675103,-0.00010117105340247679,4.4574657931728545e-05,0.8571428571428571,0.0004449160178381373,0.000719318010023895,0.8095238095238095,20,42,False,False
NEG_shuffled_rank,rank_shuffled,DIO,1311066,8,5,must not hit,negative,5.207704013243664e-06,6.205582779639229e-06,3.135460770076204e-06,"{""rank_shuffled=1"": -0.0, ""rank_shuffled=0"": -1e-05, ""rank_shuffled=2"": 0.0, ""rank_shuffled=3"": -1e-05}",1.4170027944793162e-05,n_intpts_x@bin1,400000,-1.9547872213365736e-05,1.6486030811968534e-05,0.00011687405523752581,0.9523809523809523,3.529982549155264e-05,0.0007488530347324884,0.9523809523809523,20,42,False,False
POS_watkins,rank_c,v2_moddeg,1311066,8,8,must hit (C1),positive,0.002991624987194963,0.0059386572173865115,0.0025851288140634754,"{""rank_c=1"": 0.00045, ""rank_c=0"": 0.00257, ""rank_c=2"": 0.00259, ""rank_c=3"": 0.00059}",0.017629922750877713,v2_moddeg@bin7,400000,0.0035081804910320757,1.6616661606011497e-05,3.9147516151749606e-05,0.047619047619047616,0.02254851854338158,0.0010529424117488029,0.047619047619047616,20,42,False,False
POS_lorenzini,v5_tamagawa,torsion,1889364,55,8,must local-hit at [5] (T13),positive,0.053363577803809736,0.0847111180785286,0.03174756341269136,"{""v5_tamagawa"": 0.03175}",0.2569614150788112,torsion_structure=[6],400000,0.03261246218407854,1.304040631454617e-05,9.540148247888514e-05,0.047619047619047616,0.10822853400741927,0.0025442275795849456,0.047619047619047616,20,16347,True,True
POS_torsion_cong,has_2_torsion,frac_even,1311066,8,6,must hit (T5/T18),positive,0.001924441274986255,0.9864765239315545,0.9840657669661629,"{""has_2_torsion"": 0.98407}",0.9978140471958734,frac_even@bin4,400000,0.9842375790323746,-7.780721892930443e-06,2.7781110271019038e-05,0.047619047619047616,0.9977567321992042,0.0001698099607563286,0.047619047619047616,20,42,True,True
POS_nagao,rank_c,nagao,1311066,8,8,must hit (C7),positive,0.002991624987194963,0.8132070087227654,0.8088281350891038,"{""rank_c=1"": 0.55128, ""rank_c=0"": 0.53198, ""rank_c=2"": 0.80883, ""rank_c=3"": 0.14155}",0.9965194713006649,nagao_1000@bin7,400000,0.812235796458836,9.4656496512191e-06,6.726857470629177e-05,0.047619047619047616,0.9967571204913863,0.0003823646746096143,0.047619047619047616,20,42,True,True
EXP_H1,v2_sha,disc_sign,734885,8,1,expected small (H1),expected small,0.00357586387506037,0.00799940721190262,0.004662632450891213,"{""v2_sha"": 0.00466}",0.004898238423577617,disc_sign=-1,400000,0.004937829987588405,-7.310164688689725e-07,2.0639601106653416e-05,0.047619047619047616,0.0055486332733238886,3.481041852082534e-05,0.047619047619047616,20,42,False,False
POS_murmur_10000,root_number,ap_raw,43175,8,168,must hit (C7 murmurations),positive,-6.386808424396762e-05,0.43288299701364796,0.4302325468317756,"{""root_number=-1"": 0.43023, ""root_number=1"": 0.43023}",0.0,,43175,0.43294686509789215,-0.0048716335840740645,-0.002623065762927812,0.047619047619047616,0.0,0.0,1.0,20,4,True,False
POS_murmur_100000,root_number,ap_raw,439688,8,168,must hit (C7 murmurations),positive,-1.0251816564776917e-05,0.03469535137051283,0.036662742133072135,"{""root_number=-1"": 0.03666, ""root_number=1"": 0.03666}",0.0,,400000,0.03513794933571368,-0.0005276666475383607,-0.00019113172303120152,0.047619047619047616,0.0,0.0,1.0,20,3,True,False
